                  epoch,         train/box_loss,         train/cls_loss,         train/dfl_loss,   metrics/precision(B),      metrics/recall(B),       metrics/mAP50(B),    metrics/mAP50-95(B),           val/box_loss,           val/cls_loss,           val/dfl_loss,                 lr/pg0,                 lr/pg1,                 lr/pg2
                      1,                 1.1068,                 1.6359,                 1.4131,                0.66103,                0.60445,                 0.6471,                0.44092,                 1.0901,                   1.29,                 1.3644,             0.00013893,             0.00013893,             0.00013893
                      2,                 1.0685,                 1.5537,                 1.3826,                0.71333,                0.60163,                0.67573,                0.46349,                 1.0733,                 1.2573,                 1.3479,             0.00026875,             0.00026875,             0.00026875
                      3,                 1.0573,                  1.513,                 1.3705,                 0.7406,                0.58874,                0.67774,                0.47631,                 1.0497,                 1.2069,                 1.3329,             0.00038941,             0.00038941,             0.00038941
                      4,                 1.0506,                 1.4921,                 1.3629,                0.70466,                0.61473,                0.67635,                0.47021,                 1.0544,                 1.2024,                 1.3281,             0.00037572,             0.00037572,             0.00037572
                      5,                 1.0371,                 1.4438,                 1.3498,                0.70513,                0.62256,                0.69359,                0.48624,                 1.0472,                 1.1669,                 1.3231,             0.00036196,             0.00036196,             0.00036196
                      6,                  1.019,                 1.4098,                 1.3409,                0.73285,                0.61645,                0.70004,                0.49609,                 1.0344,                 1.1553,                 1.3157,              0.0003482,              0.0003482,              0.0003482
                      7,                 1.0139,                 1.3901,                 1.3299,                0.74256,                0.64424,                0.72194,                0.50852,                 1.0188,                 1.1148,                 1.2961,             0.00033443,             0.00033443,             0.00033443
                      8,                 1.0042,                 1.3682,                 1.3268,                0.72556,                0.62234,                0.71045,                0.50766,                 1.0131,                 1.1175,                 1.2865,             0.00032067,             0.00032067,             0.00032067
                      9,                0.99763,                 1.3423,                 1.3182,                0.76615,                0.63992,                0.72695,                0.51794,                 1.0067,                 1.0864,                 1.2814,             0.00030691,             0.00030691,             0.00030691
                     10,                0.98772,                 1.3224,                 1.3108,                0.74681,                0.64627,                0.73352,                0.52764,                0.99607,                 1.0658,                 1.2751,             0.00029315,             0.00029315,             0.00029315
                     11,                0.98149,                 1.2969,                 1.3059,                0.76527,                0.64805,                0.73365,                0.52789,                0.99263,                 1.0579,                 1.2729,             0.00027939,             0.00027939,             0.00027939
                     12,                0.96981,                 1.2769,                 1.2969,                0.76383,                0.65882,                0.73491,                0.52872,                0.98407,                 1.0457,                 1.2646,             0.00026563,             0.00026563,             0.00026563
                     13,                0.96609,                 1.2633,                 1.2933,                0.75509,                0.65806,                 0.7426,                0.53583,                0.96674,                 1.0337,                 1.2499,             0.00025187,             0.00025187,             0.00025187
                     14,                0.96063,                 1.2416,                 1.2873,                0.79015,                0.65206,                0.74964,                0.54063,                0.98299,                   1.02,                 1.2575,             0.00023811,             0.00023811,             0.00023811
                     15,                0.95752,                 1.2333,                 1.2827,                0.77698,                0.66056,                 0.7553,                0.54797,                0.97117,                 1.0105,                 1.2524,             0.00022435,             0.00022435,             0.00022435
                     16,                0.94592,                 1.2164,                 1.2775,                0.76608,                0.67707,                 0.7533,                0.54713,                 0.9688,                0.99501,                 1.2462,             0.00021059,             0.00021059,             0.00021059
                     17,                0.94221,                 1.2037,                 1.2741,                0.78897,                0.67129,                0.76296,                0.55252,                0.96367,                0.98535,                 1.2423,             0.00019682,             0.00019682,             0.00019682
                     18,                0.94342,                 1.1917,                 1.2729,                0.78414,                0.67645,                0.76221,                0.55571,                0.96479,                0.97988,                 1.2434,             0.00018306,             0.00018306,             0.00018306
                     19,                0.93834,                 1.1752,                 1.2666,                 0.7878,                0.67809,                0.76533,                0.55946,                0.95772,                0.96468,                 1.2359,              0.0001693,              0.0001693,              0.0001693
                     20,                0.93334,                 1.1745,                 1.2661,                0.77714,                 0.6845,                0.76413,                0.56054,                0.94977,                0.96751,                 1.2267,             0.00015554,             0.00015554,             0.00015554
                     21,                0.89981,                0.98928,                 1.2454,                0.79035,                0.66807,                0.75536,                0.55529,                0.94919,                0.95561,                 1.2283,             0.00014178,             0.00014178,             0.00014178
                     22,                0.88443,                 0.9533,                 1.2318,                0.77661,                0.68309,                0.75755,                0.55626,                0.95147,                 0.9586,                 1.2272,             0.00012802,             0.00012802,             0.00012802
                     23,                0.87621,                 0.9345,                 1.2243,                0.78068,                0.68509,                0.76391,                 0.5637,                0.94858,                0.94252,                 1.2252,             0.00011426,             0.00011426,             0.00011426
                     24,                0.86824,                 0.9222,                 1.2191,                0.77492,                0.68967,                0.76302,                0.56141,                0.94374,                0.94405,                 1.2244,              0.0001005,              0.0001005,              0.0001005
                     25,                0.86516,                0.90836,                 1.2129,                0.79463,                0.66445,                0.76398,                0.56442,                0.93525,                0.94009,                 1.2155,             8.6736e-05,             8.6736e-05,             8.6736e-05
                     26,                0.85879,                0.89434,                 1.2088,                0.78808,                0.68329,                0.76888,                0.57112,                0.92978,                0.93213,                 1.2125,             7.2975e-05,             7.2975e-05,             7.2975e-05
                     27,                0.84762,                0.87937,                    1.2,                0.80056,                0.67734,                0.76917,                0.57209,                0.93385,                0.92939,                 1.2163,             5.9214e-05,             5.9214e-05,             5.9214e-05
                     28,                0.84231,                0.87255,                  1.197,                0.80367,                0.66986,                 0.7719,                0.57431,                0.93315,                0.92808,                 1.2151,             4.5453e-05,             4.5453e-05,             4.5453e-05
                     29,                0.83917,                0.86405,                 1.1947,                0.81271,                0.66971,                0.76935,                0.57362,                 0.9302,                0.92394,                 1.2124,             3.1692e-05,             3.1692e-05,             3.1692e-05
                     30,                  0.838,                0.86064,                 1.1943,                0.81927,                 0.6671,                0.76971,                0.57511,                0.92847,                0.91793,                 1.2113,             1.7931e-05,             1.7931e-05,             1.7931e-05
